((brainseg) ) (base) yihangj3@focalcluster:~/brain-mri-segmentation$ python src/unet_v3.py   --model flex   --base 32 --depth 5 --norm gn --residual   --epochs 20 --batch_size 80 --lr 1e-5   --checkpoint_dir ./checkpoints/flex   --bilinear   --train_csv ./data/selected_train_subject.csv   --amp   --dice_w 0.5 --dice_warmup_epochs 2   --class_weights 0.05,1,1,1   --resume
2025-12-10 00:00:00,257 [INFO] Crop coords: (40, 196, 29, 222)
2025-12-10 00:00:00,374 [WARNING] [Dataset] skip subject BraTS20_Training_355, has=['flair', 't1', 't1ce', 't2']
2025-12-10 00:00:15,200 [INFO] Sample image: (4, 156, 193), mask: (156, 193)
2025-12-10 00:00:15,200 [INFO] Device=cuda, num_gpus=4
2025-12-10 00:00:16,189 [INFO] Resume from checkpoints/flex/checkpoint_flex_epoch1.pth
/home/yihangj3/brain-mri-segmentation/src/unet_v3.py:441: FutureWarning: You are using `torch.load` with `weights_only=False` (the current default value), which uses the default pickle module implicitly. It is possible to construct malicious pickle data which will execute arbitrary code during unpickling (See https://github.com/pytorch/pytorch/blob/main/SECURITY.md#untrusted-models for more details). In a future release, the default value for `weights_only` will be flipped to `True`. This limits the functions that could be executed during unpickling. Arbitrary objects will no longer be allowed to be loaded via this mode unless they are explicitly allowlisted by the user via `torch.serialization.add_safe_globals`. We recommend you start setting `weights_only=True` for any use case where you don't have full control of the loaded file. Please open an issue on GitHub for any issues related to this experimental feature.
  ckpt = torch.load(latest, map_location=device)
2025-12-10 00:00:16,430 [INFO] Use weighted CE: [0.05, 1.0, 1.0, 1.0]
2025-12-10 00:00:16,430 [INFO] Start training: epochs=20, batch=80, lr=1e-05, amp=True
Epoch 2/20:   0%|                                                                | 0/466 [00:00<?, ?batch/s]/home/yihangj3/venvs/brainseg/lib/python3.12/site-packages/torch/nn/parallel/parallel_apply.py:79: FutureWarning: `torch.cuda.amp.autocast(args...)` is deprecated. Please use `torch.amp.autocast('cuda', args...)` instead.
  with torch.cuda.device(device), torch.cuda.stream(stream), autocast(enabled=autocast_enabled):
Epoch 2/20: 100%|███████████| 466/466 [25:14<00:00,  3.25s/batch, ce=0.916, dice=0.967, dw=0.00, loss=0.916]
2025-12-10 00:25:30,546 [INFO] Epoch 2 train: loss=1.0022, ce=1.0022, dice=0.9619
2025-12-10 00:29:28,946 [INFO] Epoch 2 val foreground dice=0.1551
2025-12-10 00:29:29,370 [INFO] Saved: checkpoints/flex/checkpoint_flex_epoch2.pth
Epoch 3/20:   7%|▋         | 34/466 [04:24<1:10:29,  9.79s/batcEpoch 3/20:   7%|▋         | 34/466 [04:24<1:10:29,  9.79s/batcEpoch 3/20:   8%|▉           | 35/466 [04:24<50:53,  7.09s/batcEpoch 3/20:   8%|▉           | 35/466 [04:24<50:53,  7.09s/batcEpoch 3/20:   8%|▉           | 36/466 [04:26<39:04,  5.45s/batcEpoch 3/20:   8%|▉           | 36/466 [04:26<39:04,  5.45s/batcEpoch 3/20:   8%|▉           | 37/466 [04:28<30:59,  4.33s/batch, ce=0.931Epoch 3/20:   8%|▉           | 37/466 [04:28<30:59,  4.33s/batch, ce=0.810Epoch 3/20:   8%|▉           | 38/466 [04:29<23:16,  3.26s/batch, ce=0.810Epoch 3/20:   8%|▉           | 38/466 [04:29<23:16,  3.26s/batch, ce=0.886Epoch 3/20:   8%|█           | 39/466 [04:30<19:59,  2.81s/batch, ce=0.886Epoch 3/20:   8%|█           | 39/466 [04:30<19:59,  2.81s/batch, ce=0.912Epoch 3/20:   9%|█           | 40/466 [04:32<17:42,  2.49s/batch, ce=0.912Epoch 3/20:   9%|█           | 40/466 [04:32<17:42,  2.49s/batch, ce=0.864Epoch 3/20:   9%|▉         | 41/466 [05:08<1:28:50, 12.54s/batch, ce=0.864Epoch 3/20:   9%|▉         | 41/466 [05:08<1:28:50, 12.54s/batch, ce=0.830Epoch 3/20:   9%|▉         | 42/466 [05:10<1:05:43,  9.30s/batch, ce=0.830Epoch 3/20:   9%|▉         | 42/466 [05:10<1:05:43,  9.30s/batch, ce=0.872Epoch 3/20:   9%|█           | 43/466 [05:11<49:34,  7.03s/batch, ce=0.872Epoch 3/20:   9%|█           | 43/466 [05:11<49:34,  7.03s/batch, ce=0.815Epoch 3/20:   9%|█▏          | 44/466 [05:12<36:17,  5.16s/batch, ce=0.815Epoch 3/20:   9%|█▏          | 44/466 [05:12<36:17,  5.16s/batch, ce=0.818Epoch 3/20:  10%|█▏          | 45/466 [05:14<29:00,  4.13s/batch, ce=0.818Epoch 3/20:  10%|█▏          | 45/466 [05:14<29:00,  4.13s/batch, ce=0.827Epoch 3/20:  10%|█▏          | 46/466 [05:16<23:53,  3.41s/batch, ce=0.827Epoch 3/20:  10%|█▏          | 46/466 [05:16<23:53,  3.41s/batch, ce=0.795Epoch 3/20:  10%|█▏          | 47/466 [05:16<18:13,  2.61s/batch, ce=0.795Epoch 3/20:  10%|█▏          | 47/466 [05:16<18:13,  2.61s/batch, ce=0.811Epoch 3/20:  10%|█▏          | 48/466 [05:18<16:22,  2.35s/batch, ce=0.811Epoch 3/20:  10%|█▏          | 48/466 [05:18<16:22,  2.35s/batch, ce=0.849Epoch 3/20:  11%|█         | 49/466 [05:55<1:27:35, 12.60s/batch, ce=0.849Epoch 3/20:  11%|█         | 49/466 [05:55<1:27:35, 12.60s/batch, ce=0.868Epoch 3/20:  11%|█         | 50/466 [05:56<1:02:44,  9.05s/batch, ce=0.868Epoch 3/20:  11%|█         | 50/466 [05:56<1:02:44,  9.05s/batch, ce=0.890Epoch 3/20:  11%|█▎          | 51/466 [05:57<47:24,  6.85s/batch, ce=0.890Epoch 3/20:  11%|█▎          | 51/466 [05:57<47:24,  6.85s/batch, ce=0.861Epoch 3/20:  11%|█▎          | 52/466 [05:59<36:41,  5.32s/batch, ce=0.861Epoch 3/20:  11%|█▎          | 52/466 [05:59<36:41,  5.32s/batch, ce=0.836Epoch 3/20:  11%|█▎          | 53/466 [06:00<27:11,  3.95s/batch, ce=0.836Epoch 3/20:  11%|█▎          | 53/466 [06:00<27:11,  3.95s/batch, ce=0.813Epoch 3/20:  12%|█▍          | 54/466 [06:01<22:35,  3.29s/batch, ce=0.813Epoch 3/20:  12%|█▍          | 54/466 [06:01<22:35,  3.29s/batch, ce=0.853Epoch 3/20:  12%|█▍          | 55/466 [06:03<19:18,  2.82s/batch, ce=0.853Epoch 3/20:  12%|█▍          | 55/466 [06:03<19:18,  2.82s/batch, ce=0.814Epoch 3/20:  12%|█▍          | 56/466 [06:04<14:58,  2.19s/batch, ce=0.814Epoch 3/20:  12%|█▍          | 56/466 [06:04<14:58,  2.19s/batch, ce=0.865Epoch 3/20:  12%|█▏        | 57/466 [06:44<1:32:50, 13.62s/batch, ce=0.865Epoch 3/20:  12%|█▏        | 57/466 [06:44<1:32:50, 13.62s/batch, ce=0.812Epoch 3/20:  12%|█▏        | 58/466 [06:46<1:08:17, 10.04s/batch, ce=0.812Epoch 3/20:  12%|█▏        | 58/466 [06:46<1:08:17, 10.04s/batch, ce=0.853Epoch 3/20:  13%|█▌          | 59/466 [06:47<49:09,  7.25s/batch, ce=0.853Epoch 3/20:  13%|█▌          | 59/466 [06:47<49:09,  7.25s/batch, ce=0.827Epoch 3/20:  13%|█▌          | 60/466 [06:48<37:52,  5.60s/batch, ce=0.827Epoch 3/20:  13%|█▌          | 60/466 [06:48<37:52,  5.60s/batch, ce=0.808Epoch 3/20:  13%|█▌          | 61/466 [06:50<30:16,  4.49s/batch, ce=0.808Epoch 3/20:  13%|█▌          | 61/466 [06:50<30:16,  4.49s/batch, ce=0.848Epoch 3/20:  13%|█▌          | 62/466 [06:51<22:40,  3.37s/batch, ce=0.848Epoch 3/20:  13%|█▌          | 62/466 [06:51<22:40,  3.37s/batch, ce=0.895Epoch 3/20:  14%|█▌          | 63/466 [06:53<19:24,  2.89s/batch, ce=0.895Epoch 3/20:  14%|█▌          | 63/466 [06:53<19:24,  2.89s/batch, ce=0.834Epoch 3/20:  14%|█▋          | 64/466 [06:55<17:08,  2.56s/batch, ce=0.834Epoch 3/20:  14%|█▋          | 64/466 [06:55<17:08,  2.56s/batch, ce=0.811Epoch 3/20:  14%|█▍        | 65/466 [07:36<1:34:29, 14.14s/batch, ce=0.811Epoch 3/20:  14%|█▍        | 65/466 [07:36<1:34:29, 14.14s/batch, ce=0.826Epoch 3/20:  14%|█▍        | 66/466 [07:38<1:09:31, 10.43s/batch, ce=0.826Epoch 3/20:  14%|█▍        | 66/466 [07:38<1:09:31, 10.43s/batch, ce=0.847Epoch 3/20:  14%|█▋          | 67/466 [07:39<52:05,  7.83s/batch, ce=0.847Epoch 3/20:  14%|█▋          | 67/466 [07:39<52:05,  7.83s/batch, ce=0.805Epoch 3/20:  15%|█▊          | 68/466 [07:40<37:53,  5.71s/batch, ce=0.805Epoch 3/20:  15%|█▊          | 68/466 [07:40<37:53,  5.71s/batch, ce=0.803Epoch 3/20:  15%|█▊          | 69/466 [07:42<29:55,  4.52s/batch, ce=0.803Epoch 3/20:  15%|█▊          | 69/466 [07:42<29:55,  4.52s/batch, ce=0.810Epoch 3/20:  15%|█▊          | 70/466 [07:44<24:17,  3.68s/batch, ce=0.810Epoch 3/20:  15%|█▊          | 70/466 [07:44<24:17,  3.68s/batch, ce=0.810Epoch 3/20:  15%|█▊          | 71/466 [07:44<18:27,  2.80s/batch, ce=0.810Epoch 3/20:  15%|█▊          | 71/466 [07:44<18:27,  2.80s/batch, ce=0.816Epoch 3/20:  15%|█▊          | 72/466 [07:46<16:18,  2.48s/batch, ce=0.816Epoch 3/20:  15%|█▊          | 72/466 [07:46<16:18,  2.48s/batch, ce=0.876Epoch 3/20:  16%|█▌        | 73/466 [08:29<1:36:13, 14.69s/batch, ce=0.876Epoch 3/20:  16%|█▌        | 73/466 [08:29<1:36:13, 14.69s/batch, ce=0.858Epoch 3/20:  16%|█▌        | 74/466 [08:31<1:10:36, 10.81s/batch, ce=0.858Epoch 3/20:  16%|█▌        | 74/466 [08:31<1:10:36, 10.81s/batch, ce=0.822Epoch 3/20:  16%|█▉          | 75/466 [08:33<52:42,  8.09s/batch, ce=0.822Epoch 3/20:  16%|█▉          | 75/466 [08:33<52:42,  8.09s/batch, ce=0.895Epoch 3/20:  16%|█▉          | 76/466 [08:33<38:13,  5.88s/batch, ce=0.895Epoch 3/20:  16%|█▉          | 76/466 [08:33<38:13,  5.88s/batch, ce=0.843Epoch 3/20:  17%|█▉          | 77/466 [08:35<29:59,  4.63s/batch, ce=0.843Epoch 3/20:  17%|█▉          | 77/466 [08:35<29:59,  4.63s/batch, ce=0.844Epoch 3/20:  17%|██          | 78/466 [08:36<22:22,  3.46s/batch, ce=0.844Epoch 3/20:  17%|██          | 78/466 [08:36<22:22,  3.46s/batch, ce=0.861Epoch 3/20:  17%|██          | 79/466 [08:38<18:57,  2.94s/batch, ce=0.861Epoch 3/20:  17%|██          | 79/466 [08:38<18:57,  2.94s/batch, ce=0.838Epoch 3/20:  17%|██          | 80/466 [08:39<16:36,  2.58s/batch, ce=0.838Epoch 3/20:  17%|██          | 80/466 [08:39<16:36,  2.58s/batch, ce=0.853Epoch 3/20:  17%|█▋        | 81/466 [09:22<1:33:14, 14.53s/batch, ce=0.853Epoch 3/20:  17%|█▋        | 81/466 [09:22<1:33:14, 14.53s/batch, ce=0.799Epoch 3/20:  18%|█▊        | 82/466 [09:23<1:06:33, 10.40s/batch, ce=0.799Epoch 3/20:  18%|█▊        | 82/466 [09:23<1:06:33, 10.40s/batch, ce=0.865Epoch 3/20:  18%|██▏         | 83/466 [09:24<49:45,  7.79s/batch, ce=0.865Epoch 3/20:  18%|██▏         | 83/466 [09:24<49:45,  7.79s/batch, ce=0.845Epoch 3/20:  18%|██▏         | 84/466 [09:26<38:05,  5.98s/batch, ce=0.845Epoch 3/20:  18%|██▏         | 84/466 [09:26<38:05,  5.98s/batch, ce=0.825Epoch 3/20:  18%|██▏         | 85/466 [09:27<27:59,  4.41s/batch, ce=0.825Epoch 3/20:  18%|██▏         | 85/466 [09:27<27:59,  4.41s/batch, ce=0.832Epoch 3/20:  18%|██▏         | 86/466 [09:28<22:54,  3.62s/batch, ce=0.832Epoch 3/20:  18%|██▏         | 86/466 [09:28<22:54,  3.62s/batch, ce=0.838Epoch 3/20:  19%|██▏         | 87/466 [09:30<19:17,  3.05s/batch, ce=0.838Epoch 3/20:  19%|██▏         | 87/466 [09:30<19:17,  3.05s/batch, ce=0.843Epoch 3/20:  19%|██▎         | 88/466 [09:31<14:54,  2.37s/batch, ce=0.843Epoch 3/20:  19%|██▎         | 88/466 [09:31<14:54,  2.37s/batch, ce=0.919Epoch 3/20:  19%|█▉        | 89/466 [10:13<1:30:17, 14.37s/batch, ce=0.919Epoch 3/20:  19%|█▉        | 89/466 [10:13<1:30:17, 14.37s/batch, ce=0.844Epoch 3/20:  19%|█▉        | 90/466 [10:15<1:06:23, 10.59s/batch, ce=0.844Epoch 3/20:  19%|█▉        | 90/466 [10:15<1:06:23, 10.59s/batch, ce=0.845Epoch 3/20:  20%|██▎         | 91/466 [10:16<47:49,  7.65s/batch, ce=0.845Epoch 3/20:  20%|██▎         | 91/466 [10:16<47:49,  7.65s/batch, ce=0.818Epoch 3/20:  20%|██▎         | 92/466 [10:18<36:35,  5.87s/batch, ce=0.818Epoch 3/20:  20%|██▎         | 92/466 [10:18<36:35,  5.87s/batch, ce=0.795Epoch 3/20:  20%|██▍         | 93/466 [10:19<28:45,  4.63s/batch, ce=0.795Epoch 3/20:  20%|██▍         | 93/466 [10:19<28:45,  4.63s/batch, ce=0.866Epoch 3/20:  20%|██▍         | 94/466 [10:20<21:25,  3.46s/batch, ce=0.866Epoch 3/20:  20%|██▍         | 94/466 [10:20<21:25,  3.46s/batch, ce=0.843Epoch 3/20:  20%|██▍         | 95/466 [10:22<18:10,  2.94s/batch, ce=0.843Epoch 3/20:  20%|██▍         | 95/466 [10:22<18:10,  2.94s/batch, ce=0.808Epoch 3/20:  21%|██▍         | 96/466 [10:24<15:59,  2.59s/batch, ce=0.808Epoch 3/20:  21%|██▍         | 96/466 [10:24<15:59,  2.59s/batch, ce=0.792Epoch 3/20:  21%|██        | 97/466 [11:05<1:26:35, 14.08s/batch, ce=0.792Epoch 3/20:  21%|██        | 97/466 [11:05<1:26:35, 14.08s/batch, ce=0.861Epoch 3/20:  21%|██        | 98/466 [11:06<1:03:39, 10.38s/batch, ce=0.861Epoch 3/20:  21%|██        | 98/466 [11:06<1:03:39, 10.38s/batch, ce=0.802Epoch 3/20:  21%|██▌         | 99/466 [11:07<46:00,  7.52s/batch, ce=0.802Epoch 3/20:  21%|██▌         | 99/466 [11:07<46:00,  7.52s/batch, ce=0.826Epoch 3/20:  21%|██▎        | 100/466 [11:09<35:25,  5.81s/batch, ce=0.826Epoch 3/20:  21%|██▎        | 100/466 [11:09<35:25,  5.81s/batch, ce=0.792Epoch 3/20:  22%|██▍        | 101/466 [11:11<27:52,  4.58s/batch, ce=0.792Epoch 3/20:  22%|██▍        | 101/466 [11:11<27:52,  4.58s/batch, ce=0.843Epoch 3/20:  22%|██▍        | 102/466 [11:11<20:48,  3.43s/batch, ce=0.843Epoch 3/20:  22%|██▍        | 102/466 [11:11<20:48,  3.43s/batch, ce=0.790Epoch 3/20:  22%|██▍        | 103/466 [11:13<17:37,  2.91s/batch, ce=0.790Epoch 3/20:  22%|██▍        | 103/466 [11:13<17:37,  2.91s/batch, ce=0.822Epoch 3/20:  22%|██▍        | 104/466 [11:15<15:29,  2.57s/batch, ce=0.822Epoch 3/20:  22%|██▍        | 104/466 [11:15<15:29,  2.57s/batch, ce=0.869Epoch 3/20:  23%|██       | 105/466 [12:00<1:32:57, 15.45s/batch, ce=0.869Epoch 3/20:  23%|██       | 105/466 [12:00<1:32:57, 15.45s/batch, ce=0.829Epoch 3/20:  23%|██       | 106/466 [12:02<1:08:02, 11.34s/batch, ce=0.829Epoch 3/20:  23%|██       | 106/466 [12:02<1:08:02, 11.34s/batch, ce=0.825Epoch 3/20:  23%|██▌        | 107/466 [12:03<48:49,  8.16s/batch, ce=0.825Epoch 3/20:  23%|██▌        | 107/466 [12:03<48:49,  8.16s/batch, ce=0.791Epoch 3/20:  23%|██▌        | 108/466 [12:05<37:12,  6.24s/batch, ce=0.791Epoch 3/20:  23%|██▌        | 108/466 [12:05<37:12,  6.24s/batch, ce=0.896Epoch 3/20:  23%|██▌        | 109/466 [12:06<29:03,  4.88s/batch, ce=0.896Epoch 3/20:  23%|██▌        | 109/466 [12:06<29:03,  4.88s/batch, ce=0.818Epoch 3/20:  24%|██▌        | 110/466 [12:07<21:33,  3.63s/batch, ce=0.818Epoch 3/20:  24%|██▌        | 110/466 [12:07<21:33,  3.63s/batch, ce=0.818Epoch 3/20:  24%|██▌        | 111/466 [12:09<18:09,  3.07s/batch, ce=0.818Epoch 3/20:  24%|██▌        | 111/466 [12:09<18:09,  3.07s/batch, ce=0.848Epoch 3/20:  24%|██▋        | 112/466 [12:11<15:47,  2.68s/batch, ce=0.848Epoch 3/20:  24%|██▋        | 112/466 [12:11<15:47,  2.68s/batch, ce=0.857, dice=0.962, dw=0.50, loss=1.338]




Epoch 3/20: 100%|███████████| 466/466 [49:09<00:00,  6.33s/batch, ce=0.777, dice=0.955, dw=0.50, loss=1.255]
2025-12-10 01:18:39,294 [INFO] Epoch 3 train: loss=1.2731, ce=0.7977, dice=0.9507
2025-12-10 01:24:33,515 [INFO] Epoch 3 val foreground dice=0.1958
2025-12-10 01:24:33,935 [INFO] Saved: checkpoints/flex/checkpoint_flex_epoch3.pth
Epoch 4/20: 100%|█| 466/466 [46:42<00:00,  6.01s/batch, ce=0.675, dice=0.9
2025-12-10 02:11:16,491 [INFO] Epoch 4 train: loss=1.1760, ce=0.7031, dice=0.9458
2025-12-10 02:15:49,720 [INFO] Epoch 4 val foreground dice=0.2201
2025-12-10 02:15:50,146 [INFO] Saved: checkpoints/flex/checkpoint_flex_epoch4.pth
Epoch 5/20:  98%|█████▊| 455/466 [1:32:27<2:11:30, 717.33s/batch, ce=0.603, dice=0.939, dw=0.50, loss=1.Epoch 5/20:  98%|█████▊| 455/466 [1:32:27<2:11:30, 717.33s/batch, ce=0.639, dice=0.954, dw=0.50, loss=1.Epoch 5/20:  98%|█████▊| 456/466 [1:32:29<1:23:46, 502.68s/batch, ce=0.639, dice=0.954, dw=0.50, loss=1.Epoch 5/20:  98%|█████▊| 456/466 [1:32:29<1:23:46, 502.68s/batch, ce=0.610, dice=0.941, dw=0.50, loss=1.Epoch 5/20:  98%|███████▊| 457/466 [1:32:32<52:54, 352.71s/batch, ce=0.610, dice=0.941, dw=0.50, loss=1.Epoch 5/20:  98%|███████▊| 457/466 [1:32:32<52:54, 352.71s/batch, ce=0.582, dice=0.929, dw=0.50, loss=1.Epoch 5/20:  98%|███████▊| 458/466 [1:32:33<32:59, 247.42s/batch, ce=0.582, dice=0.929, dw=0.50, loss=1.Epoch 5/20:  98%|███████▊| 458/466 [1:32:33<32:59, 247.42s/batch, ce=0.606, dice=0.940, dw=0.50, loss=1.Epoch 5/20:  98%|███████▉| 459/466 [1:32:35<20:15, 173.71s/batch, ce=0.606, dice=0.940, dw=0.50, loss=1.Epoch 5/20:  98%|███████▉| 459/466 [1:32:35<20:15, 173.71s/batch, ce=0.621, dice=0.946, dw=0.50, loss=1.Epoch 5/20:  99%|███████▉| 460/466 [1:32:36<12:10, 121.79s/batch, ce=0.621, dice=0.946, dw=0.50, loss=1.Epoch 5/20:  99%|███████▉| 460/466 [1:32:36<12:10, 121.79s/batch, ce=0.617, dice=0.941, dw=0.50, loss=1.Epoch 5/20:  99%|████████▉| 461/466 [1:32:38<07:08, 85.78s/batch, ce=0.617, dice=0.941, dw=0.50, loss=1.Epoch 5/20:  99%|████████▉| 461/466 [1:32:38<07:08, 85.78s/batch, ce=0.571, dice=0.924, dw=0.50, loss=1.Epoch 5/20:  99%|████████▉| 462/466 [1:32:39<04:02, 60.56s/batch, ce=0.571, dice=0.924, dw=0.50, loss=1.Epoch 5/20:  99%|████████▉| 462/466 [1:32:39<04:02, 60.56s/batch, ce=0.576, dice=0.927, dw=0.50, loss=1.Epoch 5/20:  99%|████████▉| 463/466 [1:32:40<02:07, 42.60s/batch, ce=0.576, dice=0.927, dw=0.50, loss=1.Epoch 5/20:  99%|████████▉| 463/466 [1:32:40<02:07, 42.60s/batch, ce=0.619, dice=0.946, dw=0.50, loss=1.Epoch 5/20: 100%|████████▉| 464/466 [1:32:42<01:00, 30.34s/batch, ce=0.619, dice=0.946, dw=0.50, loss=1.Epoch 5/20: 100%|████████▉| 464/466 [1:32:42<01:00, 30.34s/batch, ce=0.591, dice=0.936, dw=0.50, loss=1.Epoch 5/20: 100%|████████▉| 465/466 [1:32:43<00:21, 21.74s/batch, ce=0.591, dice=0.936, dw=0.50, loss=1.Epoch 5/20: 100%|████████▉| 465/466 [1:32:43<00:21, 21.74s/batch, ce=0.636, dice=0.952, dw=0.50, loss=1.Epoch 5/20: 100%|█████████| 466/466 [1:32:44<00:00, 11.94s/batch, ce=0.647, dice=0.955, dw=0.50, loss=1.124]
2025-12-10 03:48:34,646 [INFO] Epoch 5 train: loss=1.1080, ce=0.6370, dice=0.9419
2025-12-10 03:54:33,976 [INFO] Epoch 5 val foreground dice=0.2399
2025-12-10 03:54:34,398 [INFO] Saved: checkpoints/flex/checkpoint_flex_epoch5.pth
Epoch 6/20: 100%|███████████| 466/466 [52:10<00:00,  6.72s/batch, ce=0.564, dice=0.942, dw=0.50, loss=1.036]
2025-12-10 04:46:45,030 [INFO] Epoch 6 train: loss=1.0527, ce=0.5834, dice=0.9387
2025-12-10 04:52:18,920 [INFO] Epoch 6 val foreground dice=0.2486
2025-12-10 04:52:19,371 [INFO] Saved: checkpoints/flex/checkpoint_flex_epoch6.pth
Epoch 7/20: 100%|███████████| 466/466 [37:24<00:00,  4.82s/batch, ce=0.490, dice=0.921, dw=0.50, loss=0.951]
2025-12-10 05:29:43,710 [INFO] Epoch 7 train: loss=1.0042, ce=0.5364, dice=0.9355
2025-12-10 05:34:43,784 [INFO] Epoch 7 val foreground dice=0.2620
2025-12-10 05:34:44,246 [INFO] Saved: checkpoints/flex/checkpoint_flex_epoch7.pth
Epoch 8/20: 100%|███████████| 466/466 [39:04<00:00,  5.03s/batch, ce=0.542, dice=0.963, dw=0.50, loss=1.023]
2025-12-10 06:13:48,437 [INFO] Epoch 8 train: loss=0.9605, ce=0.4944, dice=0.9322
2025-12-10 06:16:48,522 [INFO] Epoch 8 val foreground dice=0.3293
2025-12-10 06:16:49,047 [INFO] Saved: checkpoints/flex/checkpoint_flex_epoch8.pth
Epoch 9/20: 100%|███████████| 466/466 [24:28<00:00,  3.15s/batch, ce=0.458, dice=0.938, dw=0.50, loss=0.927]
2025-12-10 06:41:17,715 [INFO] Epoch 9 train: loss=0.9202, ce=0.4558, dice=0.9288
2025-12-10 06:44:10,526 [INFO] Epoch 9 val foreground dice=0.3380
2025-12-10 06:44:11,152 [INFO] Saved: checkpoints/flex/checkpoint_flex_epoch9.pth
Epoch 10/20: 100%|██████████| 466/466 [26:06<00:00,  3.36s/batch, ce=0.398, dice=0.919, dw=0.50, loss=0.858]
2025-12-10 07:10:18,153 [INFO] Epoch 10 train: loss=0.8825, ce=0.4200, dice=0.9250
2025-12-10 07:13:10,912 [INFO] Epoch 10 val foreground dice=0.4210
2025-12-10 07:13:11,443 [INFO] Saved: checkpoints/flex/checkpoint_flex_epoch10.pth
Epoch 11/20: 100%|██████████| 466/466 [24:15<00:00,  3.12s/batch, ce=0.357, dice=0.920, dw=0.50, loss=0.817]
2025-12-10 07:37:27,048 [INFO] Epoch 11 train: loss=0.8470, ce=0.3865, dice=0.9209
2025-12-10 07:40:21,898 [INFO] Epoch 11 val foreground dice=0.4770
2025-12-10 07:40:22,423 [INFO] Saved: checkpoints/flex/checkpoint_flex_epoch11.pth
Epoch 12/20: 100%|██████████| 466/466 [26:52<00:00,  3.46s/batch, ce=0.323, dice=0.898, dw=0.50, loss=0.773]
2025-12-10 08:07:15,113 [INFO] Epoch 12 train: loss=0.8138, ce=0.3555, dice=0.9165
2025-12-10 08:10:48,452 [INFO] Epoch 12 val foreground dice=0.4665
2025-12-10 08:10:49,016 [INFO] Saved: checkpoints/flex/checkpoint_flex_epoch12.pth
Epoch 13/20:  16%|█▋         | 73/466 [05:00<34:00,  5.19s/batch, ce=0.330, dice=0.908, dw=0.50, loss=0.7Epoch 13/20:  16%|█▋         | 73/466 [05:00<34:00,  5.19s/batch, ce=0.331, dice=0.884, dw=0.50, loss=0.7Epoch 13/20: 100%|██████████| 466/466 [32:24<00:00,  4.17s/batch, ce=0.324, dice=0.919, dw=0.50, loss=0.784]
2025-12-10 08:43:13,430 [INFO] Epoch 13 train: loss=0.7816, ce=0.3257, dice=0.9117
2025-12-10 08:48:11,356 [INFO] Epoch 13 val foreground dice=0.4907
2025-12-10 08:48:12,014 [INFO] Saved: checkpoints/flex/checkpoint_flex_epoch13.pth
Epoch 14/20: 100%|██████████| 466/466 [39:28<00:00,  5.08s/batch, ce=0.280, dice=0.911, dw=0.50, loss=0.735]
2025-12-10 09:27:40,130 [INFO] Epoch 14 train: loss=0.7514, ce=0.2982, dice=0.9066
2025-12-10 09:32:26,569 [INFO] Epoch 14 val foreground dice=0.5857
2025-12-10 09:32:27,544 [INFO] Saved: checkpoints/flex/checkpoint_flex_epoch14.pth
Epoch 15/20: 100%|██████████| 466/466 [39:25<00:00,  5.08s/batch, ce=0.278, dice=0.927, dw=0.50, loss=0.741]
2025-12-10 10:11:53,072 [INFO] Epoch 15 train: loss=0.7236, ce=0.2730, dice=0.9012
2025-12-10 10:16:26,542 [INFO] Epoch 15 val foreground dice=0.6887
2025-12-10 10:16:27,676 [INFO] Saved: checkpoints/flex/checkpoint_flex_epoch15.pth
Epoch 16/20: 100%|██████████| 466/466 [38:36<00:00,  4.97s/batch, ce=0.228, dice=0.885, dw=0.50, loss=0.671]
2025-12-10 10:55:04,504 [INFO] Epoch 16 train: loss=0.6972, ce=0.2495, dice=0.8955
2025-12-10 10:59:33,047 [INFO] Epoch 16 val foreground dice=0.5708
2025-12-10 10:59:33,882 [INFO] Saved: checkpoints/flex/checkpoint_flex_epoch16.pth
Epoch 17/20: 100%|██████████| 466/466 [38:04<00:00,  4.90s/batch, ce=0.218, dice=0.921, dw=0.50, loss=0.678]
2025-12-10 11:37:38,505 [INFO] Epoch 17 train: loss=0.6721, ce=0.2275, dice=0.8893
2025-12-10 11:42:22,090 [INFO] Epoch 17 val foreground dice=0.7009
2025-12-10 11:42:23,022 [INFO] Saved: checkpoints/flex/checkpoint_flex_epoch17.pth
Epoch 18/20: 100%|██████████| 466/466 [38:04<00:00,  4.90s/batch, ce=0.214, dice=0.923, dw=0.50, loss=0.676]
2025-12-10 12:20:27,417 [INFO] Epoch 18 train: loss=0.6485, ce=0.2072, dice=0.8827
2025-12-10 12:25:15,397 [INFO] Epoch 18 val foreground dice=0.7178
2025-12-10 12:25:16,557 [INFO] Saved: checkpoints/flex/checkpoint_flex_epoch18.pth
Epoch 19/20: 100%|██████████| 466/466 [39:11<00:00,  5.05s/batch, ce=0.184, dice=0.883, dw=0.50, loss=0.625]
2025-12-10 13:04:27,995 [INFO] Epoch 19 train: loss=0.6271, ce=0.1892, dice=0.8759
2025-12-10 13:09:00,917 [INFO] Epoch 19 val foreground dice=0.7521
2025-12-10 13:09:02,070 [INFO] Saved: checkpoints/flex/checkpoint_flex_epoch19.pth
Epoch 20/20: 100%|██████████| 466/466 [37:47<00:00,  4.87s/batch, ce=0.155, dice=0.897, dw=0.50, loss=0.604]
2025-12-10 13:46:49,661 [INFO] Epoch 20 train: loss=0.6079, ce=0.1734, dice=0.8691
2025-12-10 13:51:36,473 [INFO] Epoch 20 val foreground dice=0.7236
2025-12-10 13:51:37,542 [INFO] Saved: checkpoints/flex/checkpoint_flex_epoch20.pth